INSERT INTO PersonModel (FullName, DoB, Phone) VALUES
('Nguyen Van A', CONVERT(DATE, '1990-01-01', 120), '0123456789'),
('Tran Thi B', CONVERT(DATE, '1992-02-02', 120), '0234567890'),
('Le Van C', CONVERT(DATE, '1995-03-03', 120), '0345678901'),
('Pham Thi D', CONVERT(DATE, '1988-04-04', 120), '0456789012'),
('Nguyen Van E', CONVERT(DATE, '1993-05-05', 120), '0567890123'),
('Tran Van F', CONVERT(DATE, '1991-06-06', 120), '0678901234'),
('Le Thi G', CONVERT(DATE, '1994-07-07', 120), '0789012345'),
('Pham Van H', CONVERT(DATE, '1989-08-08', 120), '0890123456'),
('Nguyen Thi I', CONVERT(DATE, '1996-09-09', 120), '0901234567'),
('Tran Van J', CONVERT(DATE, '1990-10-10', 120), '0912345678'),
('Le Thi K', CONVERT(DATE, '1985-11-11', 120), '0123456789'),
('Pham Van L', CONVERT(DATE, '1997-12-12', 120), '0987654321'),
('Nguyen Van M', CONVERT(DATE, '1980-01-13', 120), '0876543210'),
('Tran Thi N', CONVERT(DATE, '1994-02-14', 120), '0765432109'),
('Le Van O', CONVERT(DATE, '1987-03-15', 120), '0654321098'),
('Pham Thi P', CONVERT(DATE, '1992-04-16', 120), '0543210987'),
('Nguyen Van Q', CONVERT(DATE, '1986-05-17', 120), '0432109876'),
('Tran Van R', CONVERT(DATE, '1993-06-18', 120), '0321098765'),
('Le Thi S', CONVERT(DATE, '1991-07-19', 120), '0210987654'),
('Pham Van T', CONVERT(DATE, '1995-08-20', 120), '0109876543'),
('Nguyen Thi U', CONVERT(DATE, '1988-09-21', 120), '0198765432'),
('Tran Van V', CONVERT(DATE, '1990-10-22', 120), '0187654321'),
('Le Thi W', CONVERT(DATE, '1992-11-23', 120), '0176543210'),
('Pham Van X', CONVERT(DATE, '1989-12-24', 120), '0165432109'),
('Nguyen Van Y', CONVERT(DATE, '1993-01-25', 120), '0154321098'),
('Tran Thi Z', CONVERT(DATE, '1995-02-26', 120), '0143210987'),
('Le Van A', CONVERT(DATE, '1991-03-27', 120), '0132109876'),
('Pham Thi B', CONVERT(DATE, '1994-04-28', 120), '0121098765'),
('Nguyen Van C', CONVERT(DATE, '1986-05-29', 120), '0110987654'),
('Tran Van D', CONVERT(DATE, '1992-06-30', 120), '0109876543');
GO

INSERT INTO CoachModel (CoachID, Certificate) VALUES
(1,'Certified Personal Trainer'),
(2,'Strength and Conditioning Certification'),
(3,'Certified Nutrition Specialist'),
(4,'Certified Health Coach'),
(5,'Certified Yoga Instructor'),
(6,'Certified Wellness Coach'),
(7,'Advanced Fitness Certification'),
(8,'Certified CrossFit Coach'),
(9,'Sports Medicine Certification'),
(10,'Certified Rehabilitation Coach'),
(11,'Certified Fitness Instructor'),
(12,'Certified Sports Trainer'),
(13,'Senior Wellness Specialist'),
(14,'Certified Kinesiologist'),
(15,'Certified Physical Therapist'),
(16,'Advanced Coaching Certification');;
GO

INSERT INTO UserModel (UserID, Addventor) VALUES
(17, 1),
(18, 0),
(19, 1),
(20, 1),
(21, 1),
(22, 0),
(23, 1),
(24, 0),
(25, 1),
(26, 0),
(27, 1),
(28, 0),
(29, 1),
(30, 0);
GO

INSERT INTO CourseComboModel (ComboName, Sales) VALUES
('Sales 10%', 0.1),
('Sales 20%', 0.2),
('Sales 15%', 0.15);
GO

INSERT INTO CourseModel (CourseName, Addventor, GenerateDate, Price, ComboID, CoachID) VALUES
('Beginner Fitness Training', 'true', CONVERT(DATE, '2024-11-03', 120), '150.00', 1, 1),
('Strength and Conditioning', 'false', CONVERT(DATE, '2024-11-03', 120), '200.00', 2, 2),
('Nutrition and Wellness', 'true', CONVERT(DATE, '2024-11-03', 120), '180.00', 3, 3),
('Yoga for Beginners', 'false', CONVERT(DATE, '2024-11-03', 120), '120.00', 1, 4),
('Advanced CrossFit', 'true', CONVERT(DATE, '2024-11-03', 120), '250.00', 2, 5),
('Cardio Blast', 'false', CONVERT(DATE, '2024-11-03', 120), '130.00', 3, 6),
('Pilates Essentials', 'true', CONVERT(DATE, '2024-11-03', 120), '145.00', 1, 7),
('HIIT Training', 'false', CONVERT(DATE, '2024-11-03', 120), '170.00', 2, 8),
('Mindful Meditation', 'true', CONVERT(DATE, '2024-11-03', 120), '160.00', 3, 9),
('Rehabilitation Basics', 'false', CONVERT(DATE, '2024-11-03', 120), '210.00', 1, 10),
('Personalized Nutrition', 'true', CONVERT(DATE, '2024-11-03', 120), '240.00', 2, 11),
('Functional Movement Training', 'false', CONVERT(DATE, '2024-11-03', 120), '190.00', 3, 12),
('Sports Conditioning', 'true', CONVERT(DATE, '2024-11-03', 120), '275.00', 1, 13),
('Posture and Core Strength', 'false', CONVERT(DATE, '2024-11-03', 120), '160.00',2, 14),
('Senior Wellness Program', 'true', CONVERT(DATE, '2024-11-03', 120), '220.00', 3, 15);
GO

INSERT INTO WorkoutModel (WorkoutName, Repetition, Sets, Duration, CourseID) VALUES
('Push-ups', '15', '3', '10', 1),
('Squats', '20', '4', '12', 1),
('Lunges', '12', '3', '8', 2),
('Deadlifts', '10', '4', '10', 2),
('Bench Press', '8', '3', '15', 3),
('Pull-ups', '10', '3', '10', 3),
('Mountain Climbers', '30', '3', '5', 4),
('Plank', '1', '3', '5', 4),
('Bicep Curls', '12', '3', '8', 5),
('Tricep Dips', '12', '3', '10', 5),
('Burpees', '15', '4', '10', 6),
('Jump Squats', '12', '3', '7', 6),
('High Knees', '30', '4', '5', 7),
('Russian Twists', '20', '3', '6', 7),
('Leg Raises', '15', '4', '8', 8),
('Bicycle Crunches', '20', '3', '10', 8),
('Box Jumps', '10', '3', '10', 9),
('Glute Bridge', '15', '4', '8', 9),
('Kettlebell Swings', '12', '3', '12', 10),
('Goblet Squats', '15', '3', '10', 10),
('Arm Circles', '30', '3', '5', 11),
('Lateral Raises', '12', '3', '10', 11),
('Shoulder Press', '10', '3', '10', 12),
('Seated Rows', '12', '4', '10', 12),
('Calf Raises', '20', '3', '8', 13),
('Leg Press', '10', '3', '12', 13),
('Hamstring Curls', '15', '4', '8', 14),
('Leg Extensions', '15', '3', '10', 14),
('Hip Thrusts', '12', '3', '10', 15),
('Step-Ups', '10', '4', '12', 15),
('Jump Rope', '50', '4', '5', 1),
('Boxing Drills', '25', '3', '10', 2),
('Lat Pulldowns', '10', '3', '10', 3),
('Leg Press', '12', '4', '12', 4),
('Side Lunges', '15', '3', '8', 5),
('Flutter Kicks', '30', '3', '5', 6),
('Side Plank', '1', '3', '5', 7),
('Bicycle Kicks', '20', '4', '8', 8),
('Wall Sits', '1', '4', '5', 9),
('Incline Push-ups', '12', '3', '8', 10),
('Crunches', '15', '4', '8', 11),
('Overhead Tricep Extension', '12', '3', '10', 12),
('Reverse Crunches', '20', '3', '6', 13),
('Sit-ups', '15', '4', '10', 14),
('Push Press', '12', '3', '12', 15),
('Seated Leg Tucks', '20', '3', '7', 1),
('Incline Rows', '15', '4', '10', 2),
('Pec Deck Flyes', '12', '3', '10', 3),
('Reverse Lunges', '15', '3', '8', 4),
('Single-leg Deadlifts', '10', '4', '12', 5);
GO

INSERT INTO RegistedCourseModel (RegistedDate, FinishRegistedDate, CourseID, UserID) VALUES
(CONVERT(DATE, '2024-11-03', 120), CONVERT(DATE, '2024-12-03', 120), 1, 17),
(CONVERT(DATE, '2024-11-03', 120), CONVERT(DATE, '2024-12-03', 120), 2, 18),
(CONVERT(DATE, '2024-11-03', 120), CONVERT(DATE, '2025-01-03', 120), 10, 19),
(CONVERT(DATE, '2024-11-03', 120), CONVERT(DATE, '2025-01-03', 120), 3, 20),
(CONVERT(DATE, '2024-11-03', 120), CONVERT(DATE, '2025-01-03', 120), 4, 21),
(CONVERT(DATE, '2024-11-03', 120), CONVERT(DATE, '2025-01-03', 120), 5, 22),
(CONVERT(DATE, '2024-11-03', 120), CONVERT(DATE, '2025-01-03', 120), 6, 23);

GO 

INSERT INTO UserProgressModel (RegistedCourseID) VALUES
(1),
(2),
(3),
(4),
(5),
(6),
(7);
go

INSERT INTO ScheduleModel (UserProgressID) VALUES
(1),
(2),
(3),
(4),
(5),
(6),
(7);
go

INSERT INTO PracticalDayModel (PracticalDate, Done, ScheduleID) VALUES
(CONVERT(DATE, '2021-11-03', 120), 0, 1),
(CONVERT(DATE, '2021-11-04', 120), 0, 1),
(CONVERT(DATE, '2021-11-05', 120), 0, 1),
(CONVERT(DATE, '2021-11-06', 120), 0, 1),
(CONVERT(DATE, '2021-11-07', 120), 0, 1),
(CONVERT(DATE, '2021-11-08', 120), 0, 1),
(CONVERT(DATE, '2021-11-09', 120), 0, 1),
(CONVERT(DATE, '2021-11-10', 120), 0, 1),
(CONVERT(DATE, '2021-11-11', 120), 0, 1),
(CONVERT(DATE, '2021-11-12', 120), 0, 1),
(CONVERT(DATE, '2021-11-13', 120), 0, 1),
(CONVERT(DATE, '2021-11-14', 120), 0, 1),
(CONVERT(DATE, '2021-11-15', 120), 0, 1),
(CONVERT(DATE, '2021-11-16', 120), 0, 1),
(CONVERT(DATE, '2021-11-17', 120), 0, 1),
(CONVERT(DATE, '2021-11-18', 120), 0, 1),
(CONVERT(DATE, '2021-11-19', 120), 0, 1),
(CONVERT(DATE, '2021-11-20', 120), 0, 1),
(CONVERT(DATE, '2021-11-21', 120), 0, 1),
(CONVERT(DATE, '2021-11-22', 120), 0, 1),
(CONVERT(DATE, '2021-11-23', 120), 0, 1),
(CONVERT(DATE, '2021-11-24', 120), 0, 1),
(CONVERT(DATE, '2021-11-25', 120), 0, 1),
(CONVERT(DATE, '2021-11-26', 120), 0, 1),
(CONVERT(DATE, '2021-11-27', 120), 0, 1),
(CONVERT(DATE, '2021-11-28', 120), 0, 1),
(CONVERT(DATE, '2021-11-29', 120), 0, 1),
(CONVERT(DATE, '2021-11-30', 120), 0, 1),
(CONVERT(DATE, '2021-12-01', 120), 0, 1),
(CONVERT(DATE, '2021-12-02', 120), 0, 1),
(CONVERT(DATE, '2021-12-03', 120), 0, 1);
go

INSERT INTO PracticalDayModel (PracticalDate, Done, ScheduleID) VALUES
(CONVERT(DATE, '2024-11-03', 120), 0, 2),
(CONVERT(DATE, '2024-11-04', 120), 0, 2),
(CONVERT(DATE, '2024-11-05', 120), 0, 2),
(CONVERT(DATE, '2024-11-06', 120), 0, 2),
(CONVERT(DATE, '2024-11-07', 120), 0, 2),
(CONVERT(DATE, '2024-11-08', 120), 0, 2),
(CONVERT(DATE, '2024-11-09', 120), 0, 2),
(CONVERT(DATE, '2024-11-10', 120), 0, 2),
(CONVERT(DATE, '2024-11-11', 120), 0, 2),
(CONVERT(DATE, '2024-11-12', 120), 0, 2),
(CONVERT(DATE, '2024-11-13', 120), 0, 2),
(CONVERT(DATE, '2024-11-14', 120), 0, 2),
(CONVERT(DATE, '2024-11-15', 120), 0, 2),
(CONVERT(DATE, '2024-11-16', 120), 0, 2),
(CONVERT(DATE, '2024-11-17', 120), 0, 2),
(CONVERT(DATE, '2024-11-18', 120), 0, 2),
(CONVERT(DATE, '2024-11-19', 120), 0, 2),
(CONVERT(DATE, '2024-11-20', 120), 0, 2),
(CONVERT(DATE, '2024-11-21', 120), 0, 2),
(CONVERT(DATE, '2024-11-22', 120), 0, 2),
(CONVERT(DATE, '2024-11-23', 120), 0, 2),
(CONVERT(DATE, '2024-11-24', 120), 0, 2),
(CONVERT(DATE, '2024-11-25', 120), 0, 2),
(CONVERT(DATE, '2024-11-26', 120), 0, 2),
(CONVERT(DATE, '2024-11-27', 120), 0, 2),
(CONVERT(DATE, '2024-11-28', 120), 0, 2),
(CONVERT(DATE, '2024-11-29', 120), 0, 2),
(CONVERT(DATE, '2024-11-30', 120), 0, 2),
(CONVERT(DATE, '2024-12-01', 120), 0, 2),
(CONVERT(DATE, '2024-12-02', 120), 0, 2),
(CONVERT(DATE, '2024-12-03', 120), 0, 2);
GO

INSERT INTO PracticalDayModel (PracticalDate, Done, ScheduleID) VALUES
(CONVERT(DATE, '2024-11-03', 120), 0, 3),
(CONVERT(DATE, '2024-11-04', 120), 0, 3),
(CONVERT(DATE, '2024-11-05', 120), 0, 3),
(CONVERT(DATE, '2024-11-06', 120), 0, 3),
(CONVERT(DATE, '2024-11-07', 120), 0, 3),
(CONVERT(DATE, '2024-11-08', 120), 0, 3),
(CONVERT(DATE, '2024-11-09', 120), 0, 3),
(CONVERT(DATE, '2024-11-10', 120), 0, 3),
(CONVERT(DATE, '2024-11-11', 120), 0, 3),
(CONVERT(DATE, '2024-11-12', 120), 0, 3),
(CONVERT(DATE, '2024-11-13', 120), 0, 3),
(CONVERT(DATE, '2024-11-14', 120), 0, 3),
(CONVERT(DATE, '2024-11-15', 120), 0, 3),
(CONVERT(DATE, '2024-11-16', 120), 0, 3),
(CONVERT(DATE, '2024-11-17', 120), 0, 3),
(CONVERT(DATE, '2024-11-18', 120), 0, 3),
(CONVERT(DATE, '2024-11-19', 120), 0, 3),
(CONVERT(DATE, '2024-11-20', 120), 0, 3),
(CONVERT(DATE, '2024-11-21', 120), 0, 3),
(CONVERT(DATE, '2024-11-22', 120), 0, 3),
(CONVERT(DATE, '2024-11-23', 120), 0, 3),
(CONVERT(DATE, '2024-11-24', 120), 0, 3),
(CONVERT(DATE, '2024-11-25', 120), 0, 3),
(CONVERT(DATE, '2024-11-26', 120), 0, 3),
(CONVERT(DATE, '2024-11-27', 120), 0, 3),
(CONVERT(DATE, '2024-11-28', 120), 0, 3),
(CONVERT(DATE, '2024-11-29', 120), 0, 3),
(CONVERT(DATE, '2024-11-30', 120), 0, 3),
(CONVERT(DATE, '2024-12-01', 120), 0, 3),
(CONVERT(DATE, '2024-12-02', 120), 0, 3),
(CONVERT(DATE, '2024-12-03', 120), 0, 3),
(CONVERT(DATE, '2024-12-04', 120), 0, 3),
(CONVERT(DATE, '2024-12-05', 120), 0, 3),
(CONVERT(DATE, '2024-12-06', 120), 0, 3),
(CONVERT(DATE, '2024-12-07', 120), 0, 3),
(CONVERT(DATE, '2024-12-08', 120), 0, 3),
(CONVERT(DATE, '2024-12-09', 120), 0, 3),
(CONVERT(DATE, '2024-12-10', 120), 0, 3),
(CONVERT(DATE, '2024-12-11', 120), 0, 3),
(CONVERT(DATE, '2024-12-12', 120), 0, 3),
(CONVERT(DATE, '2024-12-13', 120), 0, 3),
(CONVERT(DATE, '2024-12-14', 120), 0, 3),
(CONVERT(DATE, '2024-12-15', 120), 0, 3),
(CONVERT(DATE, '2024-12-16', 120), 0, 3),
(CONVERT(DATE, '2024-12-17', 120), 0, 3),
(CONVERT(DATE, '2024-12-18', 120), 0, 3),
(CONVERT(DATE, '2024-12-19', 120), 0, 3),
(CONVERT(DATE, '2024-12-20', 120), 0, 3),
(CONVERT(DATE, '2024-12-21', 120), 0, 3),
(CONVERT(DATE, '2024-12-22', 120), 0, 3),
(CONVERT(DATE, '2024-12-23', 120), 0, 3),
(CONVERT(DATE, '2024-12-24', 120), 0, 3),
(CONVERT(DATE, '2024-12-25', 120), 0, 3),
(CONVERT(DATE, '2024-12-26', 120), 0, 3),
(CONVERT(DATE, '2024-12-27', 120), 0, 3),
(CONVERT(DATE, '2024-12-28', 120), 0, 3),
(CONVERT(DATE, '2024-12-29', 120), 0, 3),
(CONVERT(DATE, '2024-12-30', 120), 0, 3),
(CONVERT(DATE, '2024-12-31', 120), 0, 3),
(CONVERT(DATE, '2025-01-01', 120), 0, 3),
(CONVERT(DATE, '2025-01-02', 120), 0, 3),
(CONVERT(DATE, '2025-01-03', 120), 0, 3);
GO



INSERT INTO RegistedWorkoutModel (WorkoutID, PracticalDayID) VALUES
    (1, 1), (2, 1), (3, 1),
    (5, 2), (6, 2), (7, 2),
    (9, 3), (10, 3), (11, 3),
    (13, 4), (14, 4), (15, 4),
    (17, 5), (18, 5), (19, 5),
    (21, 6), (22, 6), (23, 6),
    (25, 7), (26, 7), (27, 7),
    (29, 8), (30, 8), (31, 8),
    (33, 9), (34, 9), (35, 9),
    (37, 10), (38, 10), (39, 10),
    (41, 11), (42, 11), (43, 11),
    (45, 12), (46, 12), (47, 12),
    (49, 13), (50, 13), (12, 13),
    (3, 14), (14, 14), (15, 14),
    (17, 15), (18, 15), (19, 15),
    (21, 16), (22, 16), (23, 16),
    (25, 17), (26, 17), (27, 17),
    (29, 18), (30, 18), (31, 18),
    (33, 19), (34, 19), (35, 19),
    (37, 20), (38, 20), (39, 20),
    (41, 21), (42, 21), (43, 21),
    (45, 22), (46, 22), (47, 22),
    (49, 23), (50, 23), (15, 23),
    (3, 24), (24, 24), (25, 24),
    (27, 25), (28, 25), (29, 25),
    (31, 26), (32, 26), (33, 26),
    (35, 27), (36, 27), (37, 27),
    (39, 28), (40, 28), (41, 28),
    (43, 29), (44, 29), (45, 29),
    (47, 30), (48, 30), (49, 30),
    (31, 31), (21, 31), (24, 31);
GO

INSERT INTO RegistedWorkoutModel (WorkoutID, PracticalDayID) VALUES
(1, 32), (2, 32),
(3, 33), (4, 33),
(5, 34), (6, 34),
(7, 35), (8, 35),
(9, 36), (10, 36),
(11, 37), (12, 37),
(13, 38), (14, 38),
(15, 39), (16, 39),
(17, 40), (18, 40),
(19, 41), (20, 41),
(21, 42), (22, 42),
(23, 43), (24, 43),
(25, 44), (26, 44),
(27, 45), (28, 45),
(29, 46), (30, 46),
(31, 47), (32, 47),
(33, 48), (34, 48),
(35, 49), (36, 49),
(37, 50), (38, 50),
(1, 51), (2, 51),
(3, 52), (4, 52),
(5, 53), (6, 53),
(7, 54), (8, 54),
(9, 55), (10, 55),
(11, 56), (12, 56),
(13, 57), (14, 57),
(15, 58), (16, 58),
(17, 59), (18, 59),
(19, 60), (20, 60),
(21, 61), (22, 61),
(23, 62), (24, 62);
GO

INSERT INTO RegistedWorkoutModel (WorkoutID, PracticalDayID) VALUES
    (1, 63), (2, 63),
    (3, 64), (4, 64),
    (5, 65), (6, 65),
    (7, 66), (8, 66),
    (9, 67), (10, 67),
    (11, 68), (12, 68),
    (13, 69), (14, 69),
    (15, 70), (16, 70),
    (17, 71), (18, 71),
    (19, 72), (20, 72),
    (21, 73), (22, 73),
    (23, 74), (24, 74),
    (25, 75), (26, 75),
    (27, 76), (28, 76),
    (29, 77), (30, 77),
    (31, 78), (32, 78),
    (33, 79), (34, 79),
    (35, 80), (36, 80),
    (37, 81), (38, 81),
    (1, 82), (2, 82),
    (3, 83), (4, 83),
    (5, 84), (6, 84),
    (7, 85), (8, 85),
    (9, 86), (10, 86),
    (11, 87), (12, 87),
    (13, 88), (14, 88),
    (15, 89), (16, 89),
    (17, 90), (18, 90),
    (19, 91), (20, 91),
    (21, 92), (22, 92),
    (23, 93), (24, 93),
    (25, 94), (26, 94),
    (27, 95), (28, 95),
    (29, 96), (30, 96),
    (31, 97), (32, 97),
    (33, 98), (34, 98),
    (35, 99), (36, 99),
    (37, 100), (38, 100),
    (39, 101), (40, 101),
    (41, 102), (42, 102),
    (43, 103), (44, 103),
    (45, 104), (46, 104),
    (47, 105), (48, 105),
    (49, 106), (50, 106),
    (1, 107), (2, 107),
    (3, 108), (4, 108),
    (5, 109), (6, 109),
    (7, 110), (8, 110),
    (9, 111), (10, 111),
    (11, 112), (12, 112),
    (13, 113), (14, 113),
    (15, 114), (16, 114),
    (17, 115), (18, 115),
    (19, 116), (20, 116),
    (21, 117), (22, 117),
    (23, 118), (24, 118),
    (25, 119), (26, 119),
    (27, 120), (28, 120),
    (29, 121), (30, 121),
    (31, 122), (32, 122),
    (33, 123), (34, 123),
    (35, 124), (36, 124);
GO

INSERT INTO NutritionModel (Calories, PracticalDayID) VALUES
(350,1),
(350,2),
(350,3),
(350,4),
(350,5),
(350,6),
(350,7),
(350,8),
(350,9),
(350,10),
(350,11),
(350,12),
(350,13),
(350,14),
(350,15),
(350,16),
(350,17),
(350,18),
(350,19),
(350,20),
(350,21),
(350,22),
(350,23),
(350,24),
(350,25),
(350,26),
(350,27),
(350,28),
(350,29),
(350,30);

INSERT INTO NutritionModel (Calories, PracticalDayID) VALUES
(1800, 32),
(1900, 33),
(1750, 34),
(2000, 35),
(1600, 36),
(2100, 37),
(2200, 38),
(1700, 39),
(1800, 40),
(2000, 41),
(1900, 42),
(2100, 43),
(1600, 44),
(1750, 45),
(2000, 46),
(1800, 47),
(1900, 48),
(2200, 49),
(2100, 50),
(1750, 51),
(1800, 52),
(2000, 53),
(1900, 54),
(2100, 55),
(1600, 56),
(1800, 57),
(2000, 58),
(1900, 59),
(1750, 60),
(2100, 61),
(1800, 62);


INSERT INTO NutritionModel (Calories, PracticalDayID) VALUES
(2200, 63),
(2000, 64),
(1900, 65),
(2100, 66),
(1800, 67),
(2000, 68),
(1750, 69),
(2200, 70),
(2100, 71),
(1900, 72),
(1800, 73),
(1750, 74),
(2000, 75),
(2100, 76),
(2200, 77),
(1800, 78),
(1900, 79),
(2100, 80),
(2000, 81),
(1750, 82),
(1800, 83),
(2200, 84),
(1900, 85),
(2000, 86),
(1800, 87),
(2100, 88),
(1750, 89),
(2000, 90),
(1900, 91),
(2200, 92),
(1800, 93),
(1900, 94),
(2100, 95),
(2000, 96),
(1750, 97),
(1800, 98),
(2200, 99),
(1900, 100),
(2100, 101),
(2000, 102),
(1800, 103),
(1750, 104),
(2200, 105),
(2100, 106),
(1900, 107),
(1800, 108),
(2000, 109),
(1750, 110),
(2200, 111),
(2100, 112),
(1900, 113),
(1800, 114),
(2000, 115),
(1750, 116),
(2100, 117),
(1900, 118),
(2200, 119),
(1800, 120),
(2000, 121),
(1750, 122),
(1900, 123),
(2100, 124);
GO