INSERT INTO PersonModel (PersonID, FullName, DoB, Phone) VALUES
('C0001', 'Nguyen Van A', '1990-01-01', '0123456789'),
('C0002', 'Tran Thi B', '1992-02-02', '0234567890'),
('C0003', 'Le Van C', '1995-03-03', '0345678901'),
('C0004', 'Pham Thi D', '1988-04-04', '0456789012'),
('C0005', 'Nguyen Van E', '1993-05-05', '0567890123'),
('C0006', 'Tran Van F', '1991-06-06', '0678901234'),
('C0007', 'Le Thi G', '1994-07-07', '0789012345'),
('C0008', 'Pham Van H', '1989-08-08', '0890123456'),
('C0009', 'Nguyen Thi I', '1996-09-09', '0901234567'),
('C0010', 'Tran Van J', '1990-10-10', '0912345678'),
('U0011', 'Le Thi K', '1985-11-11', '0123456789'),
('U0012', 'Pham Van L', '1997-12-12', '0987654321'),
('U0013', 'Nguyen Van M', '1980-01-13', '0876543210'),
('U0014', 'Tran Thi N', '1994-02-14', '0765432109'),
('U0015', 'Le Van O', '1987-03-15', '0654321098'),
('U0016', 'Pham Thi P', '1992-04-16', '0543210987'),
('U0017', 'Nguyen Van Q', '1986-05-17', '0432109876'),
('U0018', 'Tran Van R', '1993-06-18', '0321098765'),
('U0019', 'Le Thi S', '1991-07-19', '0210987654'),
('U0020', 'Pham Van T', '1995-08-20', '0109876543'),
('C0021', 'Nguyen Thi U', '1988-09-21', '0198765432'),
('C0022', 'Tran Van V', '1990-10-22', '0187654321'),
('C0023', 'Le Thi W', '1992-11-23', '0176543210'),
('C0024', 'Pham Van X', '1989-12-24', '0165432109'),
('U0025', 'Nguyen Van Y', '1993-01-25', '0154321098'),
('U0026', 'Tran Thi Z', '1995-02-26', '0143210987'),
('U0027', 'Le Van AA', '1991-03-27', '0132109876'),
('C0028', 'Pham Thi AB', '1994-04-28', '0121098765'),
('C0029', 'Nguyen Van AC', '1986-05-29', '0110987654'),
('U0030', 'Tran Van AD', '1992-06-30', '0109876543');

INSERT INTO CoachModel (CoachID, Certificate) VALUES
('C0001', 'Certified Personal Trainer'),
('C0002', 'Strength and Conditioning Certification'),
('C0003', 'Certified Nutrition Specialist'),
('C0004', 'Certified Health Coach'),
('C0005', 'Certified Yoga Instructor'),
('C0006', 'Certified Wellness Coach'),
('C0007', 'Advanced Fitness Certification'),
('C0008', 'Certified CrossFit Coach'),
('C0009', 'Sports Medicine Certification'),
('C0010', 'Certified Rehabilitation Coach'),
('C0021', 'Certified Fitness Instructor'),
('C0022', 'Certified Sports Trainer'),
('C0023', 'Senior Wellness Specialist'),
('C0024', 'Certified Kinesiologist'),
('C0028', 'Certified Physical Therapist'),
('C0029', 'Advanced Coaching Certification');

INSERT INTO UserModel (UserID, Addventor) VALUES
('U0011', 'true'),
('U0012', 'false'),
('U0013', 'true'),
('U0014', 'false'),
('U0015', 'true'),
('U0016', 'false'),
('U0017', 'true'),
('U0018', 'false'),
('U0019', 'true'),
('U0020', 'false'),
('U0025', 'true'),
('U0026', 'false'),
('U0027', 'true'),
('U0030', 'false');

INSERT INTO CourseComboModel (ComboID, ComboName, Sales) VALUES
('CB001', 'Fitness Starter Pack', '199.99'),
('CB002', 'Advanced Strength Combo', '299.50'),
('CB003', 'Wellness and Nutrition Bundle', '249.75');

INSERT INTO CourseModel (CourseID, CourseName, Addventor, GenerateDate, Price, ComboID, CoachID) VALUES
('CS001', 'Beginner Fitness Training', 'true', '2023-01-10', '150.00', 'CB001', 'C0001'),
('CS002', 'Strength and Conditioning', 'false', '2023-03-15', '200.00', 'CB002', 'C0002'),
('CS003', 'Nutrition and Wellness', 'true', '2023-05-20', '180.00', 'CB003', 'C0003'),
('CS004', 'Yoga for Beginners', 'false', '2023-07-10', '120.00', NULL, 'C0004'),
('CS005', 'Advanced CrossFit', 'true', '2023-08-25', '250.00', NULL, 'C0008'),
('CS006', 'Cardio Blast', 'false', '2023-09-01', '130.00', NULL, 'C0005'),
('CS007', 'Pilates Essentials', 'true', '2023-09-10', '145.00', NULL, 'C0006'),
('CS008', 'HIIT Training', 'false', '2023-10-20', '170.00', 'CB001', 'C0007'),
('CS009', 'Mindful Meditation', 'true', '2023-11-05', '160.00', NULL, 'C0009'),
('CS010', 'Rehabilitation Basics', 'false', '2023-12-12', '210.00', 'CB002', 'C0010'),
('CS011', 'Personalized Nutrition', 'true', '2024-01-15', '240.00', 'CB003', 'C0021'),
('CS012', 'Functional Movement Training', 'false', '2024-02-20', '190.00', NULL, 'C0022'),
('CS013', 'Sports Conditioning', 'true', '2024-03-05', '275.00', NULL, 'C0023'),
('CS014', 'Posture and Core Strength', 'false', '2024-04-10', '160.00', 'CB001', 'C0024'),
('CS015', 'Senior Wellness Program', 'true', '2024-05-05', '220.00', NULL, 'C0028');

INSERT INTO WorkoutModel (WorkoutID, WorkoutName, Repetition, Sets, Duration, CourseID) VALUES
('WK001', 'Push-ups', '15', '3', '10', 'CS001'),
('WK002', 'Squats', '20', '4', '12', 'CS001'),
('WK003', 'Lunges', '12', '3', '8', 'CS002'),
('WK004', 'Deadlifts', '10', '4', '10', 'CS002'),
('WK005', 'Bench Press', '8', '3', '15', 'CS003'),
('WK006', 'Pull-ups', '10', '3', '10', 'CS003'),
('WK007', 'Mountain Climbers', '30', '3', '5', 'CS004'),
('WK008', 'Plank', '1', '3', '5', 'CS004'),
('WK009', 'Bicep Curls', '12', '3', '8', 'CS005'),
('WK010', 'Tricep Dips', '12', '3', '10', 'CS005'),
('WK011', 'Burpees', '15', '4', '10', 'CS006'),
('WK012', 'Jump Squats', '12', '3', '7', 'CS006'),
('WK013', 'High Knees', '30', '4', '5', 'CS007'),
('WK014', 'Russian Twists', '20', '3', '6', 'CS007'),
('WK015', 'Leg Raises', '15', '4', '8', 'CS008'),
('WK016', 'Bicycle Crunches', '20', '3', '10', 'CS008'),
('WK017', 'Box Jumps', '10', '3', '10', 'CS009'),
('WK018', 'Glute Bridge', '15', '4', '8', 'CS009'),
('WK019', 'Kettlebell Swings', '12', '3', '12', 'CS010'),
('WK020', 'Goblet Squats', '15', '3', '10', 'CS010'),
('WK021', 'Arm Circles', '30', '3', '5', 'CS011'),
('WK022', 'Lateral Raises', '12', '3', '10', 'CS011'),
('WK023', 'Shoulder Press', '10', '3', '10', 'CS012'),
('WK024', 'Seated Rows', '12', '4', '10', 'CS012'),
('WK025', 'Calf Raises', '20', '3', '8', 'CS013'),
('WK026', 'Leg Press', '10', '3', '12', 'CS013'),
('WK027', 'Hamstring Curls', '15', '4', '8', 'CS014'),
('WK028', 'Leg Extensions', '15', '3', '10', 'CS014'),
('WK029', 'Hip Thrusts', '12', '3', '10', 'CS015'),
('WK030', 'Step-Ups', '10', '4', '12', 'CS015'),
('WK031', 'Jump Rope', '50', '4', '5', 'CS001'),
('WK032', 'Boxing Drills', '25', '3', '10', 'CS002'),
('WK033', 'Lat Pulldowns', '10', '3', '10', 'CS003'),
('WK034', 'Leg Press', '12', '4', '12', 'CS004'),
('WK035', 'Side Lunges', '15', '3', '8', 'CS005'),
('WK036', 'Flutter Kicks', '30', '3', '5', 'CS006'),
('WK037', 'Side Plank', '1', '3', '5', 'CS007'),
('WK038', 'Bicycle Kicks', '20', '4', '8', 'CS008'),
('WK039', 'Wall Sits', '1', '4', '5', 'CS009'),
('WK040', 'Incline Push-ups', '12', '3', '8', 'CS010'),
('WK041', 'Crunches', '15', '4', '8', 'CS011'),
('WK042', 'Overhead Tricep Extension', '12', '3', '10', 'CS012'),
('WK043', 'Reverse Crunches', '20', '3', '6', 'CS013'),
('WK044', 'Sit-ups', '15', '4', '10', 'CS014'),
('WK045', 'Push Press', '12', '3', '12', 'CS015'),
('WK046', 'Seated Leg Tucks', '20', '3', '7', 'CS001'),
('WK047', 'Incline Rows', '15', '4', '10', 'CS002'),
('WK048', 'Pec Deck Flyes', '12', '3', '10', 'CS003'),
('WK049', 'Reverse Lunges', '15', '3', '8', 'CS004'),
('WK050', 'Single-leg Deadlifts', '10', '4', '12', 'CS005');

INSERT INTO RegistedCourseModel (RegistedCourseID, RegistedDate, FinishRegistedDate, CourseID, UserID) VALUES
('RC001', '2023-01-10', '2023-04-10', 'CS001', 'U0011'),
('RC002', '2023-02-15', '2023-05-15', 'CS002', 'U0012'),
('RC003', '2023-03-20', '2023-06-20', 'CS003', 'U0013'),
('RC004', '2023-04-10', '2023-07-10', 'CS004', 'U0014'),
('RC005', '2023-05-25', '2023-08-25', 'CS005', 'U0015'),
('RC006', '2023-06-01', '2023-09-01', 'CS006', 'U0016'),
('RC007', '2023-06-15', '2023-09-15', 'CS007', 'U0017'),
('RC008', '2023-07-10', '2023-10-10', 'CS008', 'U0018'),
('RC009', '2023-08-05', '2023-11-05', 'CS009', 'U0019'),
('RC010', '2023-08-25', '2023-11-25', 'CS010', 'U0020'),
('RC011', '2023-09-10', '2023-12-10', 'CS011', 'U0025'),
('RC012', '2023-09-20', '2023-12-20', 'CS012', 'U0026'),
('RC013', '2023-10-05', '2024-01-05', 'CS013', 'U0027'),
('RC014', '2023-11-01', '2024-02-01', 'CS014', 'U0030'),
('RC015', '2023-12-15', '2024-03-15', 'CS015', 'U0011'),
('RC016', '2024-01-10', '2024-04-10', 'CS001', 'U0012'),
('RC017', '2024-01-25', '2024-04-25', 'CS002', 'U0013'),
('RC018', '2024-02-15', '2024-05-15', 'CS003', 'U0014'),
('RC019', '2024-03-01', '2024-06-01', 'CS004', 'U0015'),
('RC020', '2024-03-20', '2024-06-20', 'CS005', 'U0016'),
('RC021', '2024-04-10', '2024-07-10', 'CS006', 'U0017'),
('RC022', '2024-05-01', '2024-08-01', 'CS007', 'U0018'),
('RC023', '2024-05-15', '2024-08-15', 'CS008', 'U0019'),
('RC024', '2024-06-10', '2024-09-10', 'CS009', 'U0020'),
('RC025', '2024-07-05', '2024-10-05', 'CS010', 'U0025'),
('RC026', '2024-07-20', '2024-10-20', 'CS011', 'U0026'),
('RC027', '2024-08-10', '2024-11-10', 'CS012', 'U0027'),
('RC028', '2024-09-01', '2024-12-01', 'CS013', 'U0030'),
('RC029', '2024-09-15', '2024-12-15', 'CS014', 'U0011'),
('RC030', '2024-10-05', '2025-01-05', 'CS015', 'U0012'),
('RC031', '2024-10-20', '2025-01-20', 'CS001', 'U0013'),
('RC032', '2024-11-10', '2025-02-10', 'CS002', 'U0014'),
('RC033', '2024-11-25', '2025-02-25', 'CS003', 'U0015'),
('RC034', '2024-12-15', '2025-03-15', 'CS004', 'U0016'),
('RC035', '2025-01-01', '2025-04-01', 'CS005', 'U0017'),
('RC036', '2025-01-20', '2025-04-20', 'CS006', 'U0018'),
('RC037', '2025-02-05', '2025-05-05', 'CS007', 'U0019'),
('RC038', '2025-03-01', '2025-06-01', 'CS008', 'U0020'),
('RC039', '2025-03-20', '2025-06-20', 'CS009', 'U0025'),
('RC040', '2025-04-10', '2025-07-10', 'CS010', 'U0026'),
('RC041', '2025-05-01', '2025-08-01', 'CS011', 'U0027'),
('RC042', '2025-05-20', '2025-08-20', 'CS012', 'U0030'),
('RC043', '2025-06-10', '2025-09-10', 'CS013', 'U0011'),
('RC044', '2025-07-01', '2025-10-01', 'CS014', 'U0012'),
('RC045', '2025-07-25', '2025-10-25', 'CS015', 'U0013'),
('RC046', '2025-08-15', '2025-11-15', 'CS001', 'U0014'),
('RC047', '2025-09-05', '2025-12-05', 'CS002', 'U0015'),
('RC048', '2025-10-01', '2026-01-01', 'CS003', 'U0016'),
('RC049', '2025-10-20', '2026-01-20', 'CS004', 'U0017'),
('RC050', '2025-11-15', '2026-02-15', 'CS005', 'U0018');

INSERT INTO UserProgressModel (UserProgressID, RegistedCourseID) VALUES
('UP001', 'RC001'),
('UP002', 'RC002'),
('UP003', 'RC003'),
('UP004', 'RC004'),
('UP005', 'RC005'),
('UP006', 'RC006'),
('UP007', 'RC007'),
('UP008', 'RC008'),
('UP009', 'RC009'),
('UP010', 'RC010'),
('UP011', 'RC011'),
('UP012', 'RC012'),
('UP013', 'RC013'),
('UP014', 'RC014'),
('UP015', 'RC015'),
('UP016', 'RC016'),
('UP017', 'RC017'),
('UP018', 'RC018'),
('UP019', 'RC019'),
('UP020', 'RC020'),
('UP021', 'RC021'),
('UP022', 'RC022'),
('UP023', 'RC023'),
('UP024', 'RC024'),
('UP025', 'RC025'),
('UP026', 'RC026'),
('UP027', 'RC027'),
('UP028', 'RC028'),
('UP029', 'RC029'),
('UP030', 'RC030'),
('UP031', 'RC031'),
('UP032', 'RC032'),
('UP033', 'RC033'),
('UP034', 'RC034'),
('UP035', 'RC035'),
('UP036', 'RC036'),
('UP037', 'RC037'),
('UP038', 'RC038'),
('UP039', 'RC039'),
('UP040', 'RC040'),
('UP041', 'RC041'),
('UP042', 'RC042'),
('UP043', 'RC043'),
('UP044', 'RC044'),
('UP045', 'RC045'),
('UP046', 'RC046'),
('UP047', 'RC047'),
('UP048', 'RC048'),
('UP049', 'RC049'),
('UP050', 'RC050');

INSERT INTO ScheduleModel (ScheduleID, UserProgressID) VALUES
('SD001', 'UP001'),
('SD002', 'UP002'),
('SD003', 'UP003'),
('SD004', 'UP004'),
('SD005', 'UP005'),
('SD006', 'UP006'),
('SD007', 'UP007'),
('SD008', 'UP008'),
('SD009', 'UP009'),
('SD010', 'UP010'),
('SD011', 'UP011'),
('SD012', 'UP012'),
('SD013', 'UP013'),
('SD014', 'UP014'),
('SD015', 'UP015'),
('SD016', 'UP016'),
('SD017', 'UP017'),
('SD018', 'UP018'),
('SD019', 'UP019'),
('SD020', 'UP020'),
('SD021', 'UP021'),
('SD022', 'UP022'),
('SD023', 'UP023'),
('SD024', 'UP024'),
('SD025', 'UP025'),
('SD026', 'UP026'),
('SD027', 'UP027'),
('SD028', 'UP028'),
('SD029', 'UP029'),
('SD030', 'UP030'),
('SD031', 'UP031'),
('SD032', 'UP032'),
('SD033', 'UP033'),
('SD034', 'UP034'),
('SD035', 'UP035'),
('SD036', 'UP036'),
('SD037', 'UP037'),
('SD038', 'UP038'),
('SD039', 'UP039'),
('SD040', 'UP040'),
('SD041', 'UP041'),
('SD042', 'UP042'),
('SD043', 'UP043'),
('SD044', 'UP044'),
('SD045', 'UP045'),
('SD046', 'UP046'),
('SD047', 'UP047'),
('SD048', 'UP048'),
('SD049', 'UP049'),
('SD050', 'UP050');

INSERT INTO PracticalDayModel (PracticalDayID, PracticalDate, ScheduleID) VALUES
('PD001', '2023-01-15', 'SD001'),
('PD002', '2023-01-20', 'SD001'),
('PD003', '2023-01-25', 'SD001'),
('PD004', '2023-02-16', 'SD002'),
('PD005', '2023-02-22', 'SD002'),
('PD006', '2023-02-28', 'SD002'),
('PD007', '2023-03-25', 'SD003'),
('PD008', '2023-03-30', 'SD003'),
('PD009', '2023-04-05', 'SD004'),
('PD010', '2023-04-12', 'SD004'),
('PD011', '2023-04-18', 'SD004'),
('PD012', '2023-05-10', 'SD005'),
('PD013', '2023-05-15', 'SD005'),
('PD014', '2023-06-01', 'SD006'),
('PD015', '2023-06-10', 'SD006'),
('PD016', '2023-06-20', 'SD007'),
('PD017', '2023-07-11', 'SD008'),
('PD018', '2023-07-20', 'SD008'),
('PD019', '2023-08-15', 'SD009'),
('PD020', '2023-08-22', 'SD009'),
('PD021', '2023-09-05', 'SD010'),
('PD022', '2023-09-15', 'SD010'),
('PD023', '2023-10-01', 'SD011'),
('PD024', '2023-10-05', 'SD011'),
('PD025', '2023-10-20', 'SD012'),
('PD026', '2023-10-25', 'SD012'),
('PD027', '2023-11-15', 'SD013'),
('PD028', '2023-11-20', 'SD013'),
('PD029', '2023-12-05', 'SD014'),
('PD030', '2023-12-10', 'SD014'),
('PD031', '2024-01-15', 'SD015'),
('PD032', '2024-01-20', 'SD015'),
('PD033', '2024-02-10', 'SD016'),
('PD034', '2024-02-15', 'SD016'),
('PD035', '2024-03-05', 'SD017'),
('PD036', '2024-03-10', 'SD017'),
('PD037', '2024-04-01', 'SD018'),
('PD038', '2024-04-05', 'SD018'),
('PD039', '2024-04-15', 'SD019'),
('PD040', '2024-04-20', 'SD019'),
('PD041', '2024-05-05', 'SD020'),
('PD042', '2024-05-10', 'SD020'),
('PD043', '2024-06-01', 'SD021'),
('PD044', '2024-06-05', 'SD021'),
('PD045', '2024-06-15', 'SD022'),
('PD046', '2024-06-20', 'SD022'),
('PD047', '2024-07-10', 'SD023'),
('PD048', '2024-07-15', 'SD023'),
('PD049', '2024-08-01', 'SD024'),
('PD050', '2024-08-05', 'SD024'),
('PD051', '2024-08-15', 'SD025'),
('PD052', '2024-08-20', 'SD025'),
('PD053', '2024-09-10', 'SD026'),
('PD054', '2024-09-15', 'SD026'),
('PD055', '2024-10-01', 'SD027'),
('PD056', '2024-10-05', 'SD027'),
('PD057', '2024-10-20', 'SD028'),
('PD058', '2024-10-25', 'SD028'),
('PD059', '2024-11-15', 'SD029'),
('PD060', '2024-11-20', 'SD029'),
('PD061', '2024-12-10', 'SD030'),
('PD062', '2024-12-15', 'SD030'),
('PD063', '2025-01-05', 'SD031'),
('PD064', '2025-01-10', 'SD031'),
('PD065', '2025-02-01', 'SD032'),
('PD066', '2025-02-05', 'SD032'),
('PD067', '2025-02-15', 'SD033'),
('PD068', '2025-02-20', 'SD033'),
('PD069', '2025-03-10', 'SD034'),
('PD070', '2025-03-15', 'SD034'),
('PD071', '2025-04-01', 'SD035'),
('PD072', '2025-04-05', 'SD035'),
('PD073', '2025-04-15', 'SD036'),
('PD074', '2025-04-20', 'SD036'),
('PD075', '2025-05-10', 'SD037'),
('PD076', '2025-05-15', 'SD037'),
('PD077', '2025-06-01', 'SD038'),
('PD078', '2025-06-05', 'SD038'),
('PD079', '2025-06-15', 'SD039'),
('PD080', '2025-06-20', 'SD039'),
('PD081', '2025-07-10', 'SD040'),
('PD082', '2025-07-15', 'SD040'),
('PD083', '2025-08-01', 'SD041'),
('PD084', '2025-08-05', 'SD041'),
('PD085', '2025-08-15', 'SD042'),
('PD086', '2025-08-20', 'SD042'),
('PD087', '2025-09-10', 'SD043'),
('PD088', '2025-09-15', 'SD043'),
('PD089', '2025-10-01', 'SD044'),
('PD090', '2025-10-05', 'SD044'),
('PD091', '2025-10-20', 'SD045'),
('PD092', '2025-10-25', 'SD045'),
('PD093', '2025-11-15', 'SD046'),
('PD094', '2025-11-20', 'SD046'),
('PD095', '2025-12-10', 'SD047'),
('PD096', '2025-12-15', 'SD047'),
('PD097', '2026-01-05', 'SD048'),
('PD098', '2026-01-10', 'SD048'),
('PD099', '2026-01-20', 'SD049'),
('PD100', '2026-01-25', 'SD049'),
('PD101', '2026-02-15', 'SD050'),
('PD102', '2026-02-20', 'SD050'),
('PD103', '2026-02-25', 'SD001'),
('PD104', '2026-03-02', 'SD001'),
('PD105', '2026-03-05', 'SD001'),
('PD106', '2026-03-12', 'SD002'),
('PD107', '2026-03-15', 'SD002'),
('PD108', '2026-03-20', 'SD002'),
('PD109', '2026-04-10', 'SD003'),
('PD110', '2026-04-15', 'SD003'),
('PD111', '2026-04-25', 'SD004'),
('PD112', '2026-04-30', 'SD004'),
('PD113', '2026-05-05', 'SD005'),
('PD114', '2026-05-20', 'SD005'),
('PD115', '2026-06-15', 'SD006'),
('PD116', '2026-06-20', 'SD006'),
('PD117', '2026-07-01', 'SD007'),
('PD118', '2026-07-05', 'SD008'),
('PD119', '2026-07-10', 'SD008'),
('PD120', '2026-07-20', 'SD009'),
('PD121', '2026-08-01', 'SD009'),
('PD122', '2026-08-15', 'SD010'),
('PD123', '2026-08-20', 'SD010'),
('PD124', '2026-09-01', 'SD011'),
('PD125', '2026-09-05', 'SD011'),
('PD126', '2026-09-15', 'SD012'),
('PD127', '2026-09-20', 'SD012'),
('PD128', '2026-10-01', 'SD013'),
('PD129', '2026-10-05', 'SD013'),
('PD130', '2026-10-15', 'SD014'),
('PD131', '2026-10-20', 'SD014'),
('PD132', '2026-11-01', 'SD015'),
('PD133', '2026-11-05', 'SD015'),
('PD134', '2026-11-15', 'SD016'),
('PD135', '2026-11-20', 'SD016'),
('PD136', '2026-12-01', 'SD017'),
('PD137', '2026-12-05', 'SD017'),
('PD138', '2026-12-10', 'SD018'),
('PD139', '2026-12-15', 'SD018'),
('PD140', '2027-01-05', 'SD019'),
('PD141', '2027-01-10', 'SD019'),
('PD142', '2027-01-20', 'SD020'),
('PD143', '2027-01-25', 'SD020'),
('PD144', '2027-02-15', 'SD021'),
('PD145', '2027-02-20', 'SD021'),
('PD146', '2027-03-01', 'SD022'),
('PD147', '2027-03-05', 'SD022'),
('PD148', '2027-03-15', 'SD023'),
('PD149', '2027-03-20', 'SD023'),
('PD150', '2027-04-01', 'SD024'),
('PD151', '2027-04-05', 'SD024'),
('PD152', '2027-04-15', 'SD025'),
('PD153', '2027-04-20', 'SD025'),
('PD154', '2027-05-01', 'SD026'),
('PD155', '2027-05-05', 'SD026'),
('PD156', '2027-06-01', 'SD027'),
('PD157', '2027-06-05', 'SD027'),
('PD158', '2027-06-15', 'SD028'),
('PD159', '2027-06-20', 'SD028'),
('PD160', '2027-07-01', 'SD029'),
('PD161', '2027-07-05', 'SD029'),
('PD162', '2027-07-15', 'SD030'),
('PD163', '2027-07-20', 'SD030'),
('PD164', '2027-08-01', 'SD031'),
('PD165', '2027-08-05', 'SD031'),
('PD166', '2027-08-15', 'SD032'),
('PD167', '2027-08-20', 'SD032'),
('PD168', '2027-09-01', 'SD033'),
('PD169', '2027-09-05', 'SD033'),
('PD170', '2027-09-15', 'SD034'),
('PD171', '2027-09-20', 'SD034'),
('PD172', '2027-10-01', 'SD035'),
('PD173', '2027-10-05', 'SD035'),
('PD174', '2027-10-15', 'SD036'),
('PD175', '2027-10-20', 'SD036'),
('PD176', '2027-11-01', 'SD037'),
('PD177', '2027-11-05', 'SD037'),
('PD178', '2027-11-15', 'SD038'),
('PD179', '2027-11-20', 'SD038'),
('PD180', '2027-12-01', 'SD039'),
('PD181', '2027-12-05', 'SD039'),
('PD182', '2027-12-10', 'SD040'),
('PD183', '2027-12-15', 'SD040'),
('PD184', '2028-01-05', 'SD041'),
('PD185', '2028-01-10', 'SD041'),
('PD186', '2028-01-20', 'SD042'),
('PD187', '2028-01-25', 'SD042'),
('PD188', '2028-02-15', 'SD043'),
('PD189', '2028-02-20', 'SD043'),
('PD190', '2028-03-01', 'SD044'),
('PD191', '2028-03-05', 'SD044'),
('PD192', '2028-03-15', 'SD045'),
('PD193', '2028-03-20', 'SD045'),
('PD194', '2028-04-01', 'SD046'),
('PD195', '2028-04-05', 'SD046'),
('PD196', '2028-04-15', 'SD047'),
('PD197', '2028-04-20', 'SD047'),
('PD198', '2028-05-01', 'SD048'),
('PD199', '2028-05-05', 'SD048'),
('PD200', '2028-05-15', 'SD049'),
('PD201', '2028-05-20', 'SD049'),
('PD202', '2028-06-01', 'SD050'),
('PD203', '2028-06-05', 'SD050');

INSERT INTO RegistedWorkoutModel (RegistedWorkoutID, WorkoutID, PracticalDayID) VALUES
-- For PD001
('RW001', 'WK001', 'PD001'),
('RW002', 'WK002', 'PD001'),
('RW003', 'WK003', 'PD001'),
-- For PD002
('RW004', 'WK001', 'PD002'),
('RW005', 'WK004', 'PD002'),
('RW006', 'WK005', 'PD002'),
-- For PD003
('RW007', 'WK006', 'PD003'),
('RW008', 'WK007', 'PD003'),
('RW009', 'WK008', 'PD003'),
-- For PD004
('RW010', 'WK009', 'PD004'),
('RW011', 'WK010', 'PD004'),
('RW012', 'WK011', 'PD004'),
-- For PD005
('RW013', 'WK012', 'PD005'),
('RW014', 'WK013', 'PD005'),
('RW015', 'WK014', 'PD005'),
-- For PD006
('RW016', 'WK015', 'PD006'),
('RW017', 'WK016', 'PD006'),
('RW018', 'WK017', 'PD006'),
-- For PD007
('RW019', 'WK018', 'PD007'),
('RW020', 'WK019', 'PD007'),
('RW021', 'WK020', 'PD007'),
-- For PD008
('RW022', 'WK021', 'PD008'),
('RW023', 'WK022', 'PD008'),
('RW024', 'WK023', 'PD008'),
-- For PD009
('RW025', 'WK024', 'PD009'),
('RW026', 'WK025', 'PD009'),
('RW027', 'WK026', 'PD009'),
-- For PD010
('RW028', 'WK027', 'PD010'),
('RW029', 'WK028', 'PD010'),
('RW030', 'WK029', 'PD010'),
-- For PD011
('RW031', 'WK030', 'PD011'),
('RW032', 'WK031', 'PD011'),
('RW033', 'WK032', 'PD011'),
-- For PD012
('RW034', 'WK033', 'PD012'),
('RW035', 'WK034', 'PD012'),
('RW036', 'WK035', 'PD012'),
-- For PD013
('RW037', 'WK036', 'PD013'),
('RW038', 'WK037', 'PD013'),
('RW039', 'WK038', 'PD013'),
-- For PD014
('RW040', 'WK039', 'PD014'),
('RW041', 'WK040', 'PD014'),
('RW042', 'WK041', 'PD014'),
-- For PD015
('RW043', 'WK042', 'PD015'),
('RW044', 'WK043', 'PD015'),
('RW045', 'WK044', 'PD015'),
-- For PD016
('RW046', 'WK045', 'PD016'),
('RW047', 'WK046', 'PD016'),
('RW048', 'WK047', 'PD016'),
-- For PD017
('RW049', 'WK048', 'PD017'),
('RW050', 'WK049', 'PD017'),
('RW051', 'WK050', 'PD017'),
-- For PD018
('RW052', 'WK045', 'PD018'),
('RW053', 'WK046', 'PD018'),
('RW054', 'WK047', 'PD018'),
-- For PD019
('RW055', 'WK048', 'PD019'),
('RW056', 'WK049', 'PD019'),
('RW057', 'WK050', 'PD019'),
-- For PD020
('RW058', 'WK045', 'PD020'),
('RW059', 'WK046', 'PD020'),
('RW060', 'WK047', 'PD020'),
-- For PD021
('RW061', 'WK048', 'PD021'),
('RW062', 'WK049', 'PD021'),
('RW063', 'WK050', 'PD021'),
-- For PD022
('RW064', 'WK045', 'PD022'),
('RW065', 'WK046', 'PD022'),
('RW066', 'WK047', 'PD022'),
-- For PD023
('RW067', 'WK048', 'PD023'),
('RW068', 'WK049', 'PD023'),
('RW069', 'WK050', 'PD023'),
-- For PD024
('RW070', 'WK045', 'PD024'),
('RW071', 'WK046', 'PD024'),
('RW072', 'WK047', 'PD024'),
-- For PD025
('RW073', 'WK048', 'PD025'),
('RW074', 'WK049', 'PD025'),
('RW075', 'WK050', 'PD025'),
-- For PD026
('RW076', 'WK045', 'PD026'),
('RW077', 'WK046', 'PD026'),
('RW078', 'WK047', 'PD026'),
-- For PD027
('RW079', 'WK048', 'PD027'),
('RW080', 'WK049', 'PD027'),
('RW081', 'WK050', 'PD027'),
-- For PD028
('RW082', 'WK045', 'PD028'),
('RW083', 'WK046', 'PD028'),
('RW084', 'WK047', 'PD028'),
-- For PD029
('RW085', 'WK048', 'PD029'),
('RW086', 'WK049', 'PD029'),
('RW087', 'WK050', 'PD029'),
-- For PD030
('RW088', 'WK045', 'PD030'),
('RW089', 'WK046', 'PD030'),
('RW090', 'WK047', 'PD030'),
-- For PD031
('RW091', 'WK048', 'PD031'),
('RW092', 'WK049', 'PD031'),
('RW093', 'WK050', 'PD031'),
-- For PD032
('RW094', 'WK045', 'PD032'),
('RW095', 'WK046', 'PD032'),
('RW096', 'WK047', 'PD032'),
-- For PD033
('RW097', 'WK048', 'PD033'),
('RW098', 'WK049', 'PD033'),
('RW099', 'WK050', 'PD033'),
-- For PD034
('RW100', 'WK045', 'PD034'),
('RW101', 'WK046', 'PD034'),
('RW102', 'WK047', 'PD034'),
-- For PD035
('RW103', 'WK048', 'PD035'),
('RW104', 'WK049', 'PD035'),
('RW105', 'WK050', 'PD035'),
-- For PD036
('RW106', 'WK045', 'PD036'),
('RW107', 'WK046', 'PD036'),
('RW108', 'WK047', 'PD036'),
-- For PD037
('RW109', 'WK048', 'PD037'),
('RW110', 'WK049', 'PD037'),
('RW111', 'WK050', 'PD037'),
-- For PD038
('RW112', 'WK045', 'PD038'),
('RW113', 'WK046', 'PD038'),
('RW114', 'WK047', 'PD038'),
-- For PD039
('RW115', 'WK048', 'PD039'),
('RW116', 'WK049', 'PD039'),
('RW117', 'WK050', 'PD039'),
-- For PD040
('RW118', 'WK045', 'PD040'),
('RW119', 'WK046', 'PD040'),
('RW120', 'WK047', 'PD040'),
-- For PD041
('RW121', 'WK048', 'PD041'),
('RW122', 'WK049', 'PD041'),
('RW123', 'WK050', 'PD041'),
-- For PD042
('RW124', 'WK045', 'PD042'),
('RW125', 'WK046', 'PD042'),
('RW126', 'WK047', 'PD042'),
-- For PD043
('RW127', 'WK048', 'PD043'),
('RW128', 'WK049', 'PD043'),
('RW129', 'WK050', 'PD043'),
-- For PD044
('RW130', 'WK045', 'PD044'),
('RW131', 'WK046', 'PD044'),
('RW132', 'WK047', 'PD044'),
-- For PD045
('RW133', 'WK048', 'PD045'),
('RW134', 'WK049', 'PD045'),
('RW135', 'WK050', 'PD045'),
-- For PD046
('RW136', 'WK045', 'PD046'),
('RW137', 'WK046', 'PD046'),
('RW138', 'WK047', 'PD046'),
-- For PD047
('RW139', 'WK048', 'PD047'),
('RW140', 'WK049', 'PD047'),
('RW141', 'WK050', 'PD047'),
-- For PD048
('RW142', 'WK045', 'PD048'),
('RW143', 'WK046', 'PD048'),
('RW144', 'WK047', 'PD048'),
-- For PD049
('RW145', 'WK048', 'PD049'),
('RW146', 'WK049', 'PD049'),
('RW147', 'WK050', 'PD049'),
-- For PD050
('RW148', 'WK045', 'PD050'),
('RW149', 'WK046', 'PD050'),
('RW150', 'WK047', 'PD050'),
-- For PD051
('RW151', 'WK048', 'PD051'),
('RW152', 'WK049', 'PD051'),
('RW153', 'WK050', 'PD051'),
-- For PD052
('RW154', 'WK045', 'PD052'),
('RW155', 'WK046', 'PD052'),
('RW156', 'WK047', 'PD052'),
-- For PD053
('RW157', 'WK048', 'PD053'),
('RW158', 'WK049', 'PD053'),
('RW159', 'WK050', 'PD053'),
-- For PD054
('RW160', 'WK045', 'PD054'),
('RW161', 'WK046', 'PD054'),
('RW162', 'WK047', 'PD054'),
-- For PD055
('RW163', 'WK048', 'PD055'),
('RW164', 'WK049', 'PD055'),
('RW165', 'WK050', 'PD055'),
-- For PD056
('RW166', 'WK045', 'PD056'),
('RW167', 'WK046', 'PD056'),
('RW168', 'WK047', 'PD056'),
-- For PD057
('RW169', 'WK048', 'PD057'),
('RW170', 'WK049', 'PD057'),
('RW171', 'WK050', 'PD057'),
-- For PD058
('RW172', 'WK045', 'PD058'),
('RW173', 'WK046', 'PD058'),
('RW174', 'WK047', 'PD058'),
-- For PD059
('RW175', 'WK048', 'PD059'),
('RW176', 'WK049', 'PD059'),
('RW177', 'WK050', 'PD059'),
-- For PD060
('RW178', 'WK045', 'PD060'),
('RW179', 'WK046', 'PD060'),
('RW180', 'WK047', 'PD060'),
-- For PD061
('RW181', 'WK048', 'PD061'),
('RW182', 'WK049', 'PD061'),
('RW183', 'WK050', 'PD061'),
-- For PD062
('RW184', 'WK045', 'PD062'),
('RW185', 'WK046', 'PD062'),
('RW186', 'WK047', 'PD062'),
-- For PD063
('RW187', 'WK048', 'PD063'),
('RW188', 'WK049', 'PD063'),
('RW189', 'WK050', 'PD063'),
-- For PD064
('RW190', 'WK045', 'PD064'),
('RW191', 'WK046', 'PD064'),
('RW192', 'WK047', 'PD064'),
-- For PD065
('RW193', 'WK048', 'PD065'),
('RW194', 'WK049', 'PD065'),
('RW195', 'WK050', 'PD065'),
-- For PD066
('RW196', 'WK045', 'PD066'),
('RW197', 'WK046', 'PD066'),
('RW198', 'WK047', 'PD066'),
-- For PD067
('RW199', 'WK048', 'PD067'),
('RW200', 'WK049', 'PD067'),
('RW201', 'WK050', 'PD067'),
-- For PD068
('RW202', 'WK045', 'PD068'),
('RW203', 'WK046', 'PD068'),
('RW204', 'WK047', 'PD068'),
-- For PD069
('RW205', 'WK048', 'PD069'),
('RW206', 'WK049', 'PD069'),
('RW207', 'WK050', 'PD069'),
-- For PD070
('RW208', 'WK045', 'PD070'),
('RW209', 'WK046', 'PD070'),
('RW210', 'WK047', 'PD070'),
-- For PD071
('RW211', 'WK048', 'PD071'),
('RW212', 'WK049', 'PD071'),
('RW213', 'WK050', 'PD071'),
-- For PD072
('RW214', 'WK045', 'PD072'),
('RW215', 'WK046', 'PD072'),
('RW216', 'WK047', 'PD072'),
-- For PD073
('RW217', 'WK048', 'PD073'),
('RW218', 'WK049', 'PD073'),
('RW219', 'WK050', 'PD073'),
-- For PD074
('RW220', 'WK045', 'PD074'),
('RW221', 'WK046', 'PD074'),
('RW222', 'WK047', 'PD074'),
-- For PD075
('RW223', 'WK048', 'PD075'),
('RW224', 'WK049', 'PD075'),
('RW225', 'WK050', 'PD075'),
-- For PD076
('RW226', 'WK045', 'PD076'),
('RW227', 'WK046', 'PD076'),
('RW228', 'WK047', 'PD076'),
-- For PD077
('RW229', 'WK048', 'PD077'),
('RW230', 'WK049', 'PD077'),
('RW231', 'WK050', 'PD077'),
-- For PD078
('RW232', 'WK045', 'PD078'),
('RW233', 'WK046', 'PD078'),
('RW234', 'WK047', 'PD078'),
-- For PD079
('RW235', 'WK048', 'PD079'),
('RW236', 'WK049', 'PD079'),
('RW237', 'WK050', 'PD079'),
-- For PD080
('RW238', 'WK045', 'PD080'),
('RW239', 'WK046', 'PD080'),
('RW240', 'WK047', 'PD080'),
-- For PD081
('RW241', 'WK048', 'PD081'),
('RW242', 'WK049', 'PD081'),
('RW243', 'WK050', 'PD081'),
-- For PD082
('RW244', 'WK045', 'PD082'),
('RW245', 'WK046', 'PD082'),
('RW246', 'WK047', 'PD082'),
-- For PD083
('RW247', 'WK048', 'PD083'),
('RW248', 'WK049', 'PD083'),
('RW249', 'WK050', 'PD083'),
-- For PD084
('RW250', 'WK045', 'PD084'),
('RW251', 'WK046', 'PD084'),
('RW252', 'WK047', 'PD084'),
-- For PD085
('RW253', 'WK048', 'PD085'),
('RW254', 'WK049', 'PD085'),
('RW255', 'WK050', 'PD085'),
-- For PD086
('RW256', 'WK045', 'PD086'),
('RW257', 'WK046', 'PD086'),
('RW258', 'WK047', 'PD086'),
-- For PD087
('RW259', 'WK048', 'PD087'),
('RW260', 'WK049', 'PD087'),
('RW261', 'WK050', 'PD087'),
-- For PD088
('RW262', 'WK045', 'PD088'),
('RW263', 'WK046', 'PD088'),
('RW264', 'WK047', 'PD088'),
-- For PD089
('RW265', 'WK048', 'PD089'),
('RW266', 'WK049', 'PD089'),
('RW267', 'WK050', 'PD089'),
-- For PD090
('RW268', 'WK045', 'PD090'),
('RW269', 'WK046', 'PD090'),
('RW270', 'WK047', 'PD090'),
-- For PD091
('RW271', 'WK048', 'PD091'),
('RW272', 'WK049', 'PD091'),
('RW273', 'WK050', 'PD091'),
-- For PD092
('RW274', 'WK045', 'PD092'),
('RW275', 'WK046', 'PD092'),
('RW276', 'WK047', 'PD092'),
-- For PD093
('RW277', 'WK048', 'PD093'),
('RW278', 'WK049', 'PD093'),
('RW279', 'WK050', 'PD093'),
-- For PD094
('RW280', 'WK045', 'PD094'),
('RW281', 'WK046', 'PD094'),
('RW282', 'WK047', 'PD094'),
-- For PD095
('RW283', 'WK048', 'PD095'),
('RW284', 'WK049', 'PD095'),
('RW285', 'WK050', 'PD095'),
-- For PD096
('RW286', 'WK045', 'PD096'),
('RW287', 'WK046', 'PD096'),
('RW288', 'WK047', 'PD096'),
-- For PD097
('RW289', 'WK048', 'PD097'),
('RW290', 'WK049', 'PD097'),
('RW291', 'WK050', 'PD097'),
-- For PD098
('RW292', 'WK045', 'PD098'),
('RW293', 'WK046', 'PD098'),
('RW294', 'WK047', 'PD098'),
-- For PD099
('RW295', 'WK048', 'PD099'),
('RW296', 'WK049', 'PD099'),
('RW297', 'WK050', 'PD099'),
-- For PD100
('RW298', 'WK045', 'PD100'),
('RW299', 'WK046', 'PD100'),
('RW300', 'WK047', 'PD100'),
-- For PD101
('RW301', 'WK048', 'PD101'),
('RW302', 'WK049', 'PD101'),
('RW303', 'WK050', 'PD101'),
-- For PD102
('RW304', 'WK045', 'PD102'),
('RW305', 'WK046', 'PD102'),
('RW306', 'WK047', 'PD102'),
-- For PD103
('RW307', 'WK048', 'PD103'),
('RW308', 'WK049', 'PD103'),
('RW309', 'WK050', 'PD103'),
-- For PD104
('RW310', 'WK045', 'PD104'),
('RW311', 'WK046', 'PD104'),
('RW312', 'WK047', 'PD104'),
-- For PD105
('RW313', 'WK048', 'PD105'),
('RW314', 'WK049', 'PD105'),
('RW315', 'WK050', 'PD105'),
-- For PD106
('RW316', 'WK045', 'PD106'),
('RW317', 'WK046', 'PD106'),
('RW318', 'WK047', 'PD106'),
-- For PD107
('RW319', 'WK048', 'PD107'),
('RW320', 'WK049', 'PD107'),
('RW321', 'WK050', 'PD107'),
-- For PD108
('RW322', 'WK045', 'PD108'),
('RW323', 'WK046', 'PD108'),
('RW324', 'WK047', 'PD108'),
-- For PD109
('RW325', 'WK048', 'PD109'),
('RW326', 'WK049', 'PD109'),
('RW327', 'WK050', 'PD109'),
-- For PD110
('RW328', 'WK045', 'PD110'),
('RW329', 'WK046', 'PD110'),
('RW330', 'WK047', 'PD110'),
-- For PD111
('RW331', 'WK048', 'PD111'),
('RW332', 'WK049', 'PD111'),
('RW333', 'WK050', 'PD111'),
-- For PD112
('RW334', 'WK045', 'PD112'),
('RW335', 'WK046', 'PD112'),
('RW336', 'WK047', 'PD112'),
-- For PD113
('RW337', 'WK048', 'PD113'),
('RW338', 'WK049', 'PD113'),
('RW339', 'WK050', 'PD113'),
-- For PD114
('RW340', 'WK045', 'PD114'),
('RW341', 'WK046', 'PD114'),
('RW342', 'WK047', 'PD114'),
-- For PD115
('RW343', 'WK048', 'PD115'),
('RW344', 'WK049', 'PD115'),
('RW345', 'WK050', 'PD115'),
-- For PD116
('RW346', 'WK045', 'PD116'),
('RW347', 'WK046', 'PD116'),
('RW348', 'WK047', 'PD116'),
-- For PD117
('RW349', 'WK048', 'PD117'),
('RW350', 'WK049', 'PD117'),
('RW351', 'WK050', 'PD117'),
-- For PD118
('RW352', 'WK045', 'PD118'),
('RW353', 'WK046', 'PD118'),
('RW354', 'WK047', 'PD118'),
-- For PD119
('RW355', 'WK048', 'PD119'),
('RW356', 'WK049', 'PD119'),
('RW357', 'WK050', 'PD119'),
-- For PD120
('RW358', 'WK045', 'PD120'),
('RW359', 'WK046', 'PD120'),
('RW360', 'WK047', 'PD120'),
-- For PD121
('RW361', 'WK048', 'PD121'),
('RW362', 'WK049', 'PD121'),
('RW363', 'WK050', 'PD121'),
-- For PD122
('RW364', 'WK045', 'PD122'),
('RW365', 'WK046', 'PD122'),
('RW366', 'WK047', 'PD122'),
-- For PD123
('RW367', 'WK048', 'PD123'),
('RW368', 'WK049', 'PD123'),
('RW369', 'WK050', 'PD123'),
-- For PD124
('RW370', 'WK045', 'PD124'),
('RW371', 'WK046', 'PD124'),
('RW372', 'WK047', 'PD124'),
-- For PD125
('RW373', 'WK048', 'PD125'),
('RW374', 'WK049', 'PD125'),
('RW375', 'WK050', 'PD125'),
-- For PD126
('RW376', 'WK045', 'PD126'),
('RW377', 'WK046', 'PD126'),
('RW378', 'WK047', 'PD126'),
-- For PD127
('RW379', 'WK048', 'PD127'),
('RW380', 'WK049', 'PD127'),
('RW381', 'WK050', 'PD127'),
-- For PD128
('RW382', 'WK045', 'PD128'),
('RW383', 'WK046', 'PD128'),
('RW384', 'WK047', 'PD128'),
-- For PD129
('RW385', 'WK048', 'PD129'),
('RW386', 'WK049', 'PD129'),
('RW387', 'WK050', 'PD129'),
-- For PD130
('RW388', 'WK045', 'PD130'),
('RW389', 'WK046', 'PD130'),
('RW390', 'WK047', 'PD130'),
-- For PD131
('RW391', 'WK048', 'PD131'),
('RW392', 'WK049', 'PD131'),
('RW393', 'WK050', 'PD131'),
-- For PD132
('RW394', 'WK045', 'PD132'),
('RW395', 'WK046', 'PD132'),
('RW396', 'WK047', 'PD132'),
-- For PD133
('RW397', 'WK048', 'PD133'),
('RW398', 'WK049', 'PD133'),
('RW399', 'WK050', 'PD133'),
-- For PD134
('RW400', 'WK045', 'PD134'),
('RW401', 'WK046', 'PD134'),
('RW402', 'WK047', 'PD134'),
-- For PD135
('RW403', 'WK048', 'PD135'),
('RW404', 'WK049', 'PD135'),
('RW405', 'WK050', 'PD135'),
-- For PD136
('RW406', 'WK045', 'PD136'),
('RW407', 'WK046', 'PD136'),
('RW408', 'WK047', 'PD136'),
-- For PD137
('RW409', 'WK048', 'PD137'),
('RW410', 'WK049', 'PD137'),
('RW411', 'WK050', 'PD137'),
-- For PD138
('RW412', 'WK045', 'PD138'),
('RW413', 'WK046', 'PD138'),
('RW414', 'WK047', 'PD138'),
-- For PD139
('RW415', 'WK048', 'PD139'),
('RW416', 'WK049', 'PD139'),
('RW417', 'WK050', 'PD139'),
-- For PD140
('RW418', 'WK045', 'PD140'),
('RW419', 'WK046', 'PD140'),
('RW420', 'WK047', 'PD140'),
-- For PD141
('RW421', 'WK048', 'PD141'),
('RW422', 'WK049', 'PD141'),
('RW423', 'WK050', 'PD141'),
-- For PD142
('RW424', 'WK045', 'PD142'),
('RW425', 'WK046', 'PD142'),
('RW426', 'WK047', 'PD142'),
-- For PD143
('RW427', 'WK048', 'PD143'),
('RW428', 'WK049', 'PD143'),
('RW429', 'WK050', 'PD143'),
-- For PD144
('RW430', 'WK045', 'PD144'),
('RW431', 'WK046', 'PD144'),
('RW432', 'WK047', 'PD144'),
-- For PD145
('RW433', 'WK048', 'PD145'),
('RW434', 'WK049', 'PD145'),
('RW435', 'WK050', 'PD145'),
-- For PD146
('RW436', 'WK045', 'PD146'),
('RW437', 'WK046', 'PD146'),
('RW438', 'WK047', 'PD146'),
-- For PD147
('RW439', 'WK048', 'PD147'),
('RW440', 'WK049', 'PD147'),
('RW441', 'WK050', 'PD147'),
-- For PD148
('RW442', 'WK045', 'PD148'),
('RW443', 'WK046', 'PD148'),
('RW444', 'WK047', 'PD148'),
-- For PD149
('RW445', 'WK048', 'PD149'),
('RW446', 'WK049', 'PD149'),
('RW447', 'WK050', 'PD149'),
-- For PD150
('RW448', 'WK045', 'PD150'),
('RW449', 'WK046', 'PD150'),
('RW450', 'WK047', 'PD150'),
-- For PD151
('RW451', 'WK048', 'PD151'),
('RW452', 'WK049', 'PD151'),
('RW453', 'WK050', 'PD151'),
-- For PD152
('RW454', 'WK045', 'PD152'),
('RW455', 'WK046', 'PD152'),
('RW456', 'WK047', 'PD152'),
-- For PD153
('RW457', 'WK048', 'PD153'),
('RW458', 'WK049', 'PD153'),
('RW459', 'WK050', 'PD153'),
-- For PD154
('RW460', 'WK045', 'PD154'),
('RW461', 'WK046', 'PD154'),
('RW462', 'WK047', 'PD154'),
-- For PD155
('RW463', 'WK048', 'PD155'),
('RW464', 'WK049', 'PD155'),
('RW465', 'WK050', 'PD155'),
-- For PD156
('RW466', 'WK045', 'PD156'),
('RW467', 'WK046', 'PD156'),
('RW468', 'WK047', 'PD156'),
-- For PD157
('RW469', 'WK048', 'PD157'),
('RW470', 'WK049', 'PD157'),
('RW471', 'WK050', 'PD157'),
-- For PD158
('RW472', 'WK045', 'PD158'),
('RW473', 'WK046', 'PD158'),
('RW474', 'WK047', 'PD158'),
-- For PD159
('RW475', 'WK048', 'PD159'),
('RW476', 'WK049', 'PD159'),
('RW477', 'WK050', 'PD159'),
-- For PD160
('RW478', 'WK045', 'PD160'),
('RW479', 'WK046', 'PD160'),
('RW480', 'WK047', 'PD160'),
-- For PD161
('RW481', 'WK048', 'PD161'),
('RW482', 'WK049', 'PD161'),
('RW483', 'WK050', 'PD161'),
-- For PD162
('RW484', 'WK045', 'PD162'),
('RW485', 'WK046', 'PD162'),
('RW486', 'WK047', 'PD162'),
-- For PD163
('RW487', 'WK048', 'PD163'),
('RW488', 'WK049', 'PD163'),
('RW489', 'WK050', 'PD163'),
-- For PD164
('RW490', 'WK045', 'PD164'),
('RW491', 'WK046', 'PD164'),
('RW492', 'WK047', 'PD164'),
-- For PD165
('RW493', 'WK048', 'PD165'),
('RW494', 'WK049', 'PD165'),
('RW495', 'WK050', 'PD165'),
-- For PD166
('RW496', 'WK045', 'PD166'),
('RW497', 'WK046', 'PD166'),
('RW498', 'WK047', 'PD166'),
-- For PD167
('RW499', 'WK048', 'PD167'),
('RW500', 'WK049', 'PD167'),
('RW501', 'WK050', 'PD167'),
-- For PD168
('RW502', 'WK045', 'PD168'),
('RW503', 'WK046', 'PD168'),
('RW504', 'WK047', 'PD168'),
-- For PD169
('RW505', 'WK048', 'PD169'),
('RW506', 'WK049', 'PD169'),
('RW507', 'WK050', 'PD169'),
-- For PD170
('RW508', 'WK045', 'PD170'),
('RW509', 'WK046', 'PD170'),
('RW510', 'WK047', 'PD170'),
-- For PD171
('RW511', 'WK048', 'PD171'),
('RW512', 'WK049', 'PD171'),
('RW513', 'WK050', 'PD171'),
-- For PD172
('RW514', 'WK045', 'PD172'),
('RW515', 'WK046', 'PD172'),
('RW516', 'WK047', 'PD172'),
-- For PD173
('RW517', 'WK048', 'PD173'),
('RW518', 'WK049', 'PD173'),
('RW519', 'WK050', 'PD173'),
-- For PD174
('RW520', 'WK045', 'PD174'),
('RW521', 'WK046', 'PD174'),
('RW522', 'WK047', 'PD174'),
-- For PD175
('RW523', 'WK048', 'PD175'),
('RW524', 'WK049', 'PD175'),
('RW525', 'WK050', 'PD175'),
-- For PD176
('RW526', 'WK045', 'PD176'),
('RW527', 'WK046', 'PD176'),
('RW528', 'WK047', 'PD176'),
-- For PD177
('RW529', 'WK048', 'PD177'),
('RW530', 'WK049', 'PD177'),
('RW531', 'WK050', 'PD177'),
-- For PD178
('RW532', 'WK045', 'PD178'),
('RW533', 'WK046', 'PD178'),
('RW534', 'WK047', 'PD178'),
-- For PD179
('RW535', 'WK048', 'PD179'),
('RW536', 'WK049', 'PD179'),
('RW537', 'WK050', 'PD179'),
-- For PD180
('RW538', 'WK045', 'PD180'),
('RW539', 'WK046', 'PD180'),
('RW540', 'WK047', 'PD180'),
-- For PD181
('RW541', 'WK048', 'PD181'),
('RW542', 'WK049', 'PD181'),
('RW543', 'WK050', 'PD181'),
-- For PD182
('RW544', 'WK045', 'PD182'),
('RW545', 'WK046', 'PD182'),
('RW546', 'WK047', 'PD182'),
-- For PD183
('RW547', 'WK048', 'PD183'),
('RW548', 'WK049', 'PD183'),
('RW549', 'WK050', 'PD183'),
-- For PD184
('RW550', 'WK045', 'PD184'),
('RW551', 'WK046', 'PD184'),
('RW552', 'WK047', 'PD184'),
-- For PD185
('RW553', 'WK048', 'PD185'),
('RW554', 'WK049', 'PD185'),
('RW555', 'WK050', 'PD185'),
-- For PD186
('RW556', 'WK045', 'PD186'),
('RW557', 'WK046', 'PD186'),
('RW558', 'WK047', 'PD186'),
-- For PD187
('RW559', 'WK048', 'PD187'),
('RW560', 'WK049', 'PD187'),
('RW561', 'WK050', 'PD187'),
-- For PD188
('RW562', 'WK045', 'PD188'),
('RW563', 'WK046', 'PD188'),
('RW564', 'WK047', 'PD188'),
-- For PD189
('RW565', 'WK048', 'PD189'),
('RW566', 'WK049', 'PD189'),
('RW567', 'WK050', 'PD189'),
-- For PD190
('RW568', 'WK045', 'PD190'),
('RW569', 'WK046', 'PD190'),
('RW570', 'WK047', 'PD190'),
-- For PD191
('RW571', 'WK048', 'PD191'),
('RW572', 'WK049', 'PD191'),
('RW573', 'WK050', 'PD191'),
-- For PD192
('RW574', 'WK045', 'PD192'),
('RW575', 'WK046', 'PD192'),
('RW576', 'WK047', 'PD192'),
-- For PD193
('RW577', 'WK048', 'PD193'),
('RW578', 'WK049', 'PD193'),
('RW579', 'WK050', 'PD193'),
-- For PD194
('RW580', 'WK045', 'PD194'),
('RW581', 'WK046', 'PD194'),
('RW582', 'WK047', 'PD194'),
-- For PD195
('RW583', 'WK048', 'PD195'),
('RW584', 'WK049', 'PD195'),
('RW585', 'WK050', 'PD195'),
-- For PD196
('RW586', 'WK045', 'PD196'),
('RW587', 'WK046', 'PD196'),
('RW588', 'WK047', 'PD196'),
-- For PD197
('RW589', 'WK048', 'PD197'),
('RW590', 'WK049', 'PD197'),
('RW591', 'WK050', 'PD197'),
-- For PD198
('RW592', 'WK045', 'PD198'),
('RW593', 'WK046', 'PD198'),
('RW594', 'WK047', 'PD198'),
-- For PD199
('RW595', 'WK048', 'PD199'),
('RW596', 'WK049', 'PD199'),
('RW597', 'WK050', 'PD199'),
-- For PD200
('RW598', 'WK045', 'PD200'),
('RW599', 'WK046', 'PD200'),
('RW600', 'WK047', 'PD200'),
-- For PD201
('RW601', 'WK048', 'PD201'),
('RW602', 'WK049', 'PD201'),
('RW603', 'WK050', 'PD201'),
-- For PD202
('RW604', 'WK045', 'PD202'),
('RW605', 'WK046', 'PD202'),
('RW606', 'WK047', 'PD202'),
-- For PD203
('RW607', 'WK048', 'PD203'),
('RW608', 'WK049', 'PD203'),
('RW609', 'WK050', 'PD203');

INSERT INTO NutritionModel (NutritionID, Calories, PracticalDayID) VALUES
('NT001', 200, 'PD001'),
('NT002', 250, 'PD002'),
('NT003', 300, 'PD003'),
('NT004', 150, 'PD004'),
('NT005', 180, 'PD005'),
('NT006', 220, 'PD006'),
('NT007', 270, 'PD007'),
('NT008', 240, 'PD008'),
('NT009', 290, 'PD009'),
('NT010', 310, 'PD010'),
('NT011', 330, 'PD011'),
('NT012', 200, 'PD012'),
('NT013', 230, 'PD013'),
('NT014', 180, 'PD014'),
('NT015', 260, 'PD015'),
('NT016', 220, 'PD016'),
('NT017', 150, 'PD017'),
('NT018', 240, 'PD018'),
('NT019', 270, 'PD019'),
('NT020', 300, 'PD020'),
('NT021', 280, 'PD021'),
('NT022', 250, 'PD022'),
('NT023', 210, 'PD023'),
('NT024', 230, 'PD024'),
('NT025', 190, 'PD025'),
('NT026', 220, 'PD026'),
('NT027', 250, 'PD027'),
('NT028', 240, 'PD028'),
('NT029', 300, 'PD029'),
('NT030', 260, 'PD030'),
('NT031', 280, 'PD031'),
('NT032', 250, 'PD032'),
('NT033', 300, 'PD033'),
('NT034', 320, 'PD034'),
('NT035', 290, 'PD035'),
('NT036', 250, 'PD036'),
('NT037', 270, 'PD037'),
('NT038', 300, 'PD038'),
('NT039', 330, 'PD039'),
('NT040', 200, 'PD040'),
('NT041', 260, 'PD041'),
('NT042', 240, 'PD042'),
('NT043', 250, 'PD043'),
('NT044', 280, 'PD044'),
('NT045', 220, 'PD045'),
('NT046', 190, 'PD046'),
('NT047', 210, 'PD047'),
('NT048', 240, 'PD048'),
('NT049', 260, 'PD049'),
('NT050', 300, 'PD050'),
('NT051', 220, 'PD051'),
('NT052', 250, 'PD052'),
('NT053', 270, 'PD053'),
('NT054', 280, 'PD054'),
('NT055', 230, 'PD055'),
('NT056', 300, 'PD056'),
('NT057', 260, 'PD057'),
('NT058', 210, 'PD058'),
('NT059', 190, 'PD059'),
('NT060', 220, 'PD060'),
('NT061', 250, 'PD061'),
('NT062', 270, 'PD062'),
('NT063', 200, 'PD063'),
('NT064', 230, 'PD064'),
('NT065', 250, 'PD065'),
('NT066', 270, 'PD066'),
('NT067', 300, 'PD067'),
('NT068', 330, 'PD068'),
('NT069', 210, 'PD069'),
('NT070', 180, 'PD070'),
('NT071', 260, 'PD071'),
('NT072', 250, 'PD072'),
('NT073', 220, 'PD073'),
('NT074', 200, 'PD074'),
('NT075', 180, 'PD075'),
('NT076', 240, 'PD076'),
('NT077', 270, 'PD077'),
('NT078', 300, 'PD078'),
('NT079', 250, 'PD079'),
('NT080', 260, 'PD080'),
('NT081', 280, 'PD081'),
('NT082', 290, 'PD082'),
('NT083', 210, 'PD083'),
('NT084', 220, 'PD084'),
('NT085', 240, 'PD085'),
('NT086', 250, 'PD086'),
('NT087', 270, 'PD087'),
('NT088', 290, 'PD088'),
('NT089', 310, 'PD089'),
('NT090', 330, 'PD090'),
('NT091', 240, 'PD091'),
('NT092', 260, 'PD092'),
('NT093', 220, 'PD093'),
('NT094', 200, 'PD094'),
('NT095', 210, 'PD095'),
('NT096', 240, 'PD096'),
('NT097', 260, 'PD097'),
('NT098', 280, 'PD098'),
('NT099', 300, 'PD099'),
('NT100', 310, 'PD100'),
('NT101', 250, 'PD101'),
('NT102', 230, 'PD102'),
('NT103', 220, 'PD103'),
('NT104', 180, 'PD104'),
('NT105', 250, 'PD105'),
('NT106', 260, 'PD106'),
('NT107', 270, 'PD107'),
('NT108', 200, 'PD108'),
('NT109', 230, 'PD109'),
('NT110', 250, 'PD110'),
('NT111', 300, 'PD111'),
('NT112', 310, 'PD112'),
('NT113', 240, 'PD113'),
('NT114', 220, 'PD114'),
('NT115', 210, 'PD115'),
('NT116', 190, 'PD116'),
('NT117', 260, 'PD117'),
('NT118', 250, 'PD118'),
('NT119', 270, 'PD119'),
('NT120', 280, 'PD120'),
('NT121', 300, 'PD121'),
('NT122', 330, 'PD122'),
('NT123', 250, 'PD123'),
('NT124', 240, 'PD124'),
('NT125', 220, 'PD125'),
('NT126', 230, 'PD126'),
('NT127', 200, 'PD127'),
('NT128', 210, 'PD128'),
('NT129', 260, 'PD129'),
('NT130', 280, 'PD130'),
('NT131', 290, 'PD131'),
('NT132', 300, 'PD132'),
('NT133', 270, 'PD133'),
('NT134', 230, 'PD134'),
('NT135', 240, 'PD135'),
('NT136', 210, 'PD136'),
('NT137', 190, 'PD137'),
('NT138', 220, 'PD138'),
('NT139', 250, 'PD139'),
('NT140', 260, 'PD140'),
('NT141', 270, 'PD141'),
('NT142', 300, 'PD142'),
('NT143', 310, 'PD143'),
('NT144', 280, 'PD144'),
('NT145', 240, 'PD145'),
('NT146', 220, 'PD146'),
('NT147', 230, 'PD147'),
('NT148', 200, 'PD148'),
('NT149', 210, 'PD149'),
('NT150', 260, 'PD150'),
('NT151', 280, 'PD151'),
('NT152', 290, 'PD152'),
('NT153', 300, 'PD153'),
('NT154', 310, 'PD154'),
('NT155', 240, 'PD155'),
('NT156', 220, 'PD156'),
('NT157', 250, 'PD157'),
('NT158', 270, 'PD158'),
('NT159', 290, 'PD159'),
('NT160', 310, 'PD160'),
('NT161', 260, 'PD161'),
('NT162', 240, 'PD162'),
('NT163', 220, 'PD163'),
('NT164', 210, 'PD164'),
('NT165', 200, 'PD165'),
('NT166', 250, 'PD166'),
('NT167', 270, 'PD167'),
('NT168', 290, 'PD168'),
('NT169', 310, 'PD169'),
('NT170', 260, 'PD170'),
('NT171', 240, 'PD171'),
('NT172', 220, 'PD172'),
('NT173', 210, 'PD173'),
('NT174', 200, 'PD174'),
('NT175', 250, 'PD175'),
('NT176', 270, 'PD176'),
('NT177', 300, 'PD177'),
('NT178', 330, 'PD178'),
('NT179', 330, 'PD179'),
('NT180', 250, 'PD180'),
('NT181', 240, 'PD181'),
('NT182', 220, 'PD182'),
('NT183', 210, 'PD183'),
('NT184', 200, 'PD184'),
('NT185', 190, 'PD185'),
('NT186', 180, 'PD186'),
('NT187', 250, 'PD187'),
('NT188', 260, 'PD188'),
('NT189', 270, 'PD189'),
('NT190', 300, 'PD190'),
('NT191', 330, 'PD191'),
('NT192', 310, 'PD192'),
('NT193', 240, 'PD193'),
('NT194', 220, 'PD194'),
('NT195', 210, 'PD195'),
('NT196', 200, 'PD196'),
('NT197', 190, 'PD197'),
('NT198', 260, 'PD198'),
('NT199', 280, 'PD199'),
('NT200', 300, 'PD200'),
('NT201', 250, 'PD201'),
('NT202', 280, 'PD202'),
('NT203', 300, 'PD203');
